<?xml version="1.0" encoding="UTF-8"?>
<jcr:root xmlns:sling="http://sling.apache.org/jcr/sling/1.0" xmlns:fdm="http://www.adobe.com/aemfd/fdm/1.0" xmlns:jcr="http://www.jcp.org/jcr/1.0" xmlns:nt="http://www.jcp.org/jcr/nt/1.0"
    jcr:primaryType="sling:Folder">
    <jcr:content
        jcr:primaryType="nt:unstructured"
        name="storeandretrieveaf"
        rendition.handler.id="fdm.structure"
        title="StoreAndRetrieveAF">
        <definitions jcr:primaryType="nt:unstructured">
            <formdatawithattachments
                fdm:binaryEntity="{Boolean}false"
                fdm:bindRef="formdatawithattachments"
                fdm:defaultBinaryEntity="{Boolean}false"
                fdm:genericOperationAllowed="{Boolean}true"
                fdm:rootEntity="{Boolean}true"
                fdm:schemaName="aemformstutorial"
                fdm:source="source1"
                jcr:primaryType="nt:unstructured"
                id="formdatawithattachments"
                name="formdatawithattachments"
                required="[guid]">
                <links jcr:primaryType="nt:unstructured"/>
                <properties jcr:primaryType="nt:unstructured">
                    <guid
                        fdm:bindRef="guid"
                        fdm:computed="{Boolean}false"
                        fdm:nullable="{Boolean}false"
                        fdm:primaryKey="{Boolean}true"
                        fdm:protected="{Boolean}false"
                        fdm:required="{Boolean}true"
                        jcr:primaryType="nt:unstructured"
                        maxLength="{Double}50.0"
                        name="guid"
                        title="guid"
                        type="string"/>
                    <afdata
                        fdm:bindRef="afdata"
                        fdm:computed="{Boolean}false"
                        fdm:nullable="{Boolean}true"
                        fdm:primaryKey="{Boolean}false"
                        fdm:protected="{Boolean}false"
                        fdm:required="{Boolean}false"
                        jcr:primaryType="nt:unstructured"
                        maxLength="{Double}2.147483647E9"
                        name="afdata"
                        title="afdata"
                        type="string"/>
                    <attachmentsInfo
                        fdm:bindRef="attachmentsInfo"
                        fdm:computed="{Boolean}false"
                        fdm:nullable="{Boolean}true"
                        fdm:primaryKey="{Boolean}false"
                        fdm:protected="{Boolean}false"
                        fdm:required="{Boolean}false"
                        jcr:primaryType="nt:unstructured"
                        maxLength="{Double}2.147483647E9"
                        name="attachmentsInfo"
                        title="attachmentsInfo"
                        type="string"/>
                    <telephoneNumber
                        fdm:bindRef="telephoneNumber"
                        fdm:computed="{Boolean}false"
                        fdm:nullable="{Boolean}true"
                        fdm:primaryKey="{Boolean}false"
                        fdm:protected="{Boolean}false"
                        fdm:required="{Boolean}false"
                        jcr:primaryType="nt:unstructured"
                        maxLength="{Double}45.0"
                        name="telephoneNumber"
                        title="telephoneNumber"
                        type="string"/>
                </properties>
            </formdatawithattachments>
        </definitions>
        <links jcr:primaryType="nt:unstructured">
            <get
                fdm:source="source1"
                jcr:primaryType="nt:unstructured"
                description="fetch specified table data "
                genericOperation="{Boolean}true"
                id="get"
                method="GET"
                name="get"
                rel="formdatawithattachments">
                <fdm:data jcr:primaryType="nt:unstructured"/>
                <schema
                    fdm:bindRef="schema"
                    fdm:computed="{Boolean}false"
                    fdm:nullable="{Boolean}true"
                    fdm:primaryKey="{Boolean}false"
                    fdm:protected="{Boolean}false"
                    fdm:required="{Boolean}false"
                    jcr:primaryType="nt:unstructured"
                    name="schema">
                    <properties jcr:primaryType="nt:unstructured">
                        <guid
                            fdm:bindRef="guid"
                            fdm:computed="{Boolean}false"
                            fdm:nullable="{Boolean}false"
                            fdm:primaryKey="{Boolean}true"
                            fdm:protected="{Boolean}false"
                            fdm:required="{Boolean}true"
                            jcr:primaryType="nt:unstructured"
                            maxLength="{Double}50.0"
                            name="guid"
                            title="guid"
                            type="string"/>
                    </properties>
                </schema>
                <targetSchema
                    fdm:bindRef="formdatawithattachments"
                    fdm:computed="{Boolean}false"
                    fdm:nullable="{Boolean}true"
                    fdm:primaryKey="{Boolean}false"
                    fdm:protected="{Boolean}false"
                    fdm:required="{Boolean}false"
                    jcr:primaryType="nt:unstructured"
                    _x0024_ref="formdatawithattachments"
                    name="formdatawithattachments"
                    type="object"/>
            </get>
        </links>
        <properties jcr:primaryType="nt:unstructured">
            <formdatawithattachments
                fdm:computed="{Boolean}false"
                fdm:nullable="{Boolean}true"
                fdm:protected="{Boolean}false"
                fdm:required="{Boolean}false"
                jcr:primaryType="nt:unstructured"
                _x0024_ref="formdatawithattachments"
                name="formdatawithattachments"/>
        </properties>
    </jcr:content>
</jcr:root>
