<?xml version="1.0" encoding="UTF-8"?>
<jcr:root xmlns:sling="http://sling.apache.org/jcr/sling/1.0" xmlns:fdm="http://www.adobe.com/aemfd/fdm/1.0" xmlns:jcr="http://www.jcp.org/jcr/1.0" xmlns:nt="http://www.jcp.org/jcr/nt/1.0"
    jcr:primaryType="sling:Folder">
    <jcr:content
        jcr:primaryType="nt:unstructured"
        name="2fawithforms"
        rendition.handler.id="fdm.structure"
        title="2FAWithForms">
        <definitions jcr:primaryType="nt:unstructured">
            <returnvalue
                fdm:binaryEntity="{Boolean}false"
                fdm:bindRef="returnvalue"
                fdm:defaultBinaryEntity="{Boolean}false"
                fdm:genericOperationAllowed="{Boolean}false"
                fdm:rootEntity="{Boolean}true"
                fdm:schemaName="DEFAULT_SCHEMA"
                fdm:source="source1"
                jcr:primaryType="nt:unstructured"
                id="returnvalue"
                name="returnvalue">
                <links jcr:primaryType="nt:unstructured"/>
                <properties jcr:primaryType="nt:unstructured">
                    <request_id
                        fdm:bindRef="request_id"
                        fdm:computed="{Boolean}false"
                        fdm:nullable="{Boolean}true"
                        fdm:primaryKey="{Boolean}false"
                        fdm:protected="{Boolean}false"
                        fdm:required="{Boolean}false"
                        jcr:primaryType="nt:unstructured"
                        name="request_id"
                        title="request_id"
                        type="string"/>
                    <status
                        fdm:bindRef="status"
                        fdm:computed="{Boolean}false"
                        fdm:nullable="{Boolean}true"
                        fdm:primaryKey="{Boolean}false"
                        fdm:protected="{Boolean}false"
                        fdm:required="{Boolean}false"
                        jcr:primaryType="nt:unstructured"
                        name="status"
                        title="status"
                        type="string"/>
                </properties>
            </returnvalue>
        </definitions>
        <links jcr:primaryType="nt:unstructured">
            <post_check_json
                fdm:source="source1"
                jcr:primaryType="nt:unstructured"
                description="Verify OTP Code"
                genericOperation="{Boolean}false"
                href="api.nexmo.com/verify"
                id="POST /check/json"
                method="POST"
                name="POST /check/json">
                <fdm:data jcr:primaryType="nt:unstructured"/>
                <schema
                    fdm:bindRef="schema"
                    fdm:computed="{Boolean}false"
                    fdm:nullable="{Boolean}true"
                    fdm:primaryKey="{Boolean}false"
                    fdm:protected="{Boolean}false"
                    fdm:required="{Boolean}false"
                    jcr:primaryType="nt:unstructured"
                    description="operation input description"
                    name="schema"
                    type="object">
                    <properties jcr:primaryType="nt:unstructured">
                        <api_key
                            fdm:bindRef="api_key"
                            fdm:computed="{Boolean}false"
                            fdm:in="formData"
                            fdm:nullable="{Boolean}true"
                            fdm:primaryKey="{Boolean}false"
                            fdm:protected="{Boolean}false"
                            fdm:required="{Boolean}false"
                            jcr:primaryType="nt:unstructured"
                            description="API Key"
                            name="api_key"
                            type="string"/>
                        <api_secret
                            fdm:bindRef="api_secret"
                            fdm:computed="{Boolean}false"
                            fdm:in="formData"
                            fdm:nullable="{Boolean}true"
                            fdm:primaryKey="{Boolean}false"
                            fdm:protected="{Boolean}false"
                            fdm:required="{Boolean}false"
                            jcr:primaryType="nt:unstructured"
                            description="API Secret Key"
                            name="api_secret"
                            type="string"/>
                        <request_id
                            fdm:bindRef="request_id"
                            fdm:computed="{Boolean}false"
                            fdm:in="formData"
                            fdm:nullable="{Boolean}true"
                            fdm:primaryKey="{Boolean}false"
                            fdm:protected="{Boolean}false"
                            fdm:required="{Boolean}false"
                            jcr:primaryType="nt:unstructured"
                            description="Vonage"
                            name="request_id"
                            type="string"/>
                        <code
                            fdm:bindRef="code"
                            fdm:computed="{Boolean}false"
                            fdm:in="formData"
                            fdm:nullable="{Boolean}true"
                            fdm:primaryKey="{Boolean}false"
                            fdm:protected="{Boolean}false"
                            fdm:required="{Boolean}false"
                            jcr:primaryType="nt:unstructured"
                            description="OTP Code"
                            name="code"
                            type="string"/>
                    </properties>
                </schema>
                <targetSchema
                    fdm:bindRef="returnvalue"
                    fdm:computed="{Boolean}false"
                    fdm:nullable="{Boolean}true"
                    fdm:primaryKey="{Boolean}false"
                    fdm:protected="{Boolean}false"
                    fdm:required="{Boolean}false"
                    jcr:primaryType="nt:unstructured"
                    _x0024_ref="returnvalue"
                    name="returnvalue"
                    type="object"/>
            </post_check_json>
            <post_json
                fdm:source="source1"
                jcr:primaryType="nt:unstructured"
                description="Send SMS with code"
                genericOperation="{Boolean}false"
                href="api.nexmo.com/verify"
                id="POST /json"
                method="POST"
                name="POST /json">
                <fdm:data jcr:primaryType="nt:unstructured"/>
                <schema
                    fdm:bindRef="schema"
                    fdm:computed="{Boolean}false"
                    fdm:nullable="{Boolean}true"
                    fdm:primaryKey="{Boolean}false"
                    fdm:protected="{Boolean}false"
                    fdm:required="{Boolean}false"
                    jcr:primaryType="nt:unstructured"
                    description="operation input description"
                    name="schema"
                    type="object">
                    <properties jcr:primaryType="nt:unstructured">
                        <api_key
                            fdm:bindRef="api_key"
                            fdm:computed="{Boolean}false"
                            fdm:in="formData"
                            fdm:nullable="{Boolean}true"
                            fdm:primaryKey="{Boolean}false"
                            fdm:protected="{Boolean}false"
                            fdm:required="{Boolean}false"
                            jcr:primaryType="nt:unstructured"
                            description="API Key"
                            name="api_key"
                            type="string"/>
                        <api_secret
                            fdm:bindRef="api_secret"
                            fdm:computed="{Boolean}false"
                            fdm:in="formData"
                            fdm:nullable="{Boolean}true"
                            fdm:primaryKey="{Boolean}false"
                            fdm:protected="{Boolean}false"
                            fdm:required="{Boolean}false"
                            jcr:primaryType="nt:unstructured"
                            description="API Secret Key"
                            name="api_secret"
                            type="string"/>
                        <number
                            fdm:bindRef="number"
                            fdm:computed="{Boolean}false"
                            fdm:in="formData"
                            fdm:nullable="{Boolean}true"
                            fdm:primaryKey="{Boolean}false"
                            fdm:protected="{Boolean}false"
                            fdm:required="{Boolean}false"
                            jcr:primaryType="nt:unstructured"
                            description="Number to send SMS"
                            name="number"
                            type="string"/>
                        <brand
                            fdm:bindRef="brand"
                            fdm:computed="{Boolean}false"
                            fdm:in="formData"
                            fdm:nullable="{Boolean}true"
                            fdm:primaryKey="{Boolean}false"
                            fdm:protected="{Boolean}false"
                            fdm:required="{Boolean}false"
                            jcr:primaryType="nt:unstructured"
                            description="Vonage"
                            name="brand"
                            type="string"/>
                        <code_length
                            fdm:bindRef="code_length"
                            fdm:computed="{Boolean}false"
                            fdm:in="formData"
                            fdm:nullable="{Boolean}true"
                            fdm:primaryKey="{Boolean}false"
                            fdm:protected="{Boolean}false"
                            fdm:required="{Boolean}false"
                            jcr:primaryType="nt:unstructured"
                            description="Verification code length"
                            name="code_length"
                            type="string"/>
                    </properties>
                </schema>
                <targetSchema
                    fdm:bindRef="returnvalue"
                    fdm:computed="{Boolean}false"
                    fdm:nullable="{Boolean}true"
                    fdm:primaryKey="{Boolean}false"
                    fdm:protected="{Boolean}false"
                    fdm:required="{Boolean}false"
                    jcr:primaryType="nt:unstructured"
                    _x0024_ref="returnvalue"
                    name="returnvalue"
                    type="object"/>
            </post_json>
        </links>
        <properties jcr:primaryType="nt:unstructured">
            <returnvalue
                fdm:computed="{Boolean}false"
                fdm:nullable="{Boolean}true"
                fdm:protected="{Boolean}false"
                fdm:required="{Boolean}false"
                jcr:primaryType="nt:unstructured"
                _x0024_ref="returnvalue"
                name="returnvalue"/>
        </properties>
    </jcr:content>
</jcr:root>
